id,name,origin,homepageStatus,homepageFinalUrl,homepageBytes,canonical,schemaTypes,hreflangs,robotsStatus,oaiSearchBot,gptBot,claudeBot,rootSitemapStatus,rootSitemapUrls,blogSitemapStatus,blogSitemapUrls,declaredUrls,llmsStatus,llmsBytes,firstPartyRumDeclared
ivryn,IVRYN,https://ivryn.com,200,https://ivryn.com/,70238,https://ivryn.com/,Organization|WebPage|WebSite,en|es|fr|x-default,200,allowed,allowed,allowed,200,11,200,7,17,200,1595,true
imryn,IMRYN,https://imryn.com,200,https://imryn.com/,28147,https://imryn.com,FAQPage|Organization|SoftwareApplication|WebSite,en|es|fr|x-default,200,allowed,allowed,allowed,200,34,200,8,41,200,721,true
datvero,Datvero,https://datvero.com,200,https://datvero.com/,77122,https://datvero.com,Organization|SoftwareApplication|WebSite,en|fr|x-default,200,allowed,allowed,allowed,200,30,200,8,37,200,3387,true
cascads,Cascads,https://cascads.com,200,https://cascads.com/,60502,https://cascads.com/,FAQPage|Organization|SoftwareApplication|WebSite,en|es|fr|x-default,200,allowed,allowed,allowed,200,25,200,10,34,200,1406,true
reef,Reef,https://reeftogether.com,200,https://reeftogether.com/,112204,https://reeftogether.com/,FAQPage|MobileApplication|Organization|WebPage|WebSite,en|es|fr|x-default,200,allowed,allowed,allowed,200,19,200,3,21,200,2450,true
flare,Flare,https://flareflights.com,200,https://flareflights.com/,87846,https://flareflights.com/,FAQPage|MobileApplication|Organization|WebPage|WebSite,en|es|fr|x-default,200,allowed,allowed,allowed,200,103,200,8,110,200,3083,true
sealed,Sealed,https://sealedreveal.com,200,https://sealedreveal.com/,32459,https://sealedreveal.com/,FAQPage|MobileApplication|Organization|WebPage|WebSite,en|fr|x-default,200,allowed,allowed,allowed,200,10,200,8,17,200,3179,true
crucible,Crucible CLUB,https://crucibleclub.com,200,https://crucibleclub.com/,31265,https://crucibleclub.com/,Event|Organization|WebPage|WebSite,en|fr|x-default,200,allowed,allowed,allowed,200,7,200,8,14,200,2054,true
victor,Victor Laybats,https://victorlaybats.com,200,https://victorlaybats.com/,63198,https://victorlaybats.com/,FAQPage|Person|ProfessionalService|WebPage,en|es|fr|x-default,200,allowed,allowed,allowed,200,15,200,7,21,200,1409,true
